Tire_Type,CCD_Reading_mV,Tread_Depth_mm,Condition,Measurement_Date
10.00 R20,1186.53,6.953,Baru (Optimal),2023-01-01 00:00:00
10.00 R20,2396.5,12.829,Baru (Optimal),2023-01-01 01:00:00
10.00 R20,1937.19,10.73,Baru (Optimal),2023-01-01 02:00:00
10.00 R20,1657.18,9.356,Baru (Optimal),2023-01-01 03:00:00
10.00 R20,727.64,4.703,Normal (Usia Pakai Pertengahan),2023-01-01 04:00:00
12.00 R20,727.59,4.762,Normal (Usia Pakai Pertengahan),2023-01-01 05:00:00
12.00 R24,521.98,3.706,Normal (Usia Pakai Pertengahan),2023-01-01 06:00:00
11.00 R20,2218.97,12.148,Baru (Optimal),2023-01-01 07:00:00
12.00 R20,1662.34,9.304,Baru (Optimal),2023-01-01 08:00:00
12.00 R24,1886.95,10.244,Baru (Optimal),2023-01-01 09:00:00
10.00 R20,443.23,3.266,Normal (Usia Pakai Pertengahan),2023-01-01 10:00:00
12.00 R24,2436.81,13.208,Baru (Optimal),2023-01-01 11:00:00
12.00 R24,2148.13,11.772,Baru (Optimal),2023-01-01 12:00:00
10.00 R20,845.91,5.083,Baru (Optimal),2023-01-01 13:00:00
10.00 R20,781.83,4.785,Normal (Usia Pakai Pertengahan),2023-01-01 14:00:00
10.00 R20,785.15,5.047,Baru (Optimal),2023-01-01 15:00:00
11.00 R20,1038.91,6.19,Baru (Optimal),2023-01-01 16:00:00
10.00 R20,1501.99,8.588,Baru (Optimal),2023-01-01 17:00:00
11.00 R20,1307.08,7.539,Baru (Optimal),2023-01-01 18:00:00
10.00 R20,1011.58,6.061,Baru (Optimal),2023-01-01 19:00:00
11.00 R20,1684.89,9.532,Baru (Optimal),2023-01-01 20:00:00
12.00 R24,692.94,4.405,Normal (Usia Pakai Pertengahan),2023-01-01 21:00:00
12.00 R20,1013.5,6.079,Baru (Optimal),2023-01-01 22:00:00
12.00 R24,1169.36,6.794,Baru (Optimal),2023-01-01 23:00:00
12.00 R24,1357.75,7.739,Baru (Optimal),2023-01-02 00:00:00
10.00 R20,2048.87,11.209,Baru (Optimal),2023-01-02 01:00:00
11.00 R20,819.31,5.122,Baru (Optimal),2023-01-02 02:00:00
12.00 R20,1479.89,8.344,Baru (Optimal),2023-01-02 03:00:00
10.00 R20,1644.07,9.365,Baru (Optimal),2023-01-02 04:00:00
10.00 R20,497.55,3.385,Normal (Usia Pakai Pertengahan),2023-01-02 05:00:00
10.00 R20,1675.84,9.358,Baru (Optimal),2023-01-02 06:00:00
12.00 R24,758.1,4.74,Normal (Usia Pakai Pertengahan),2023-01-02 07:00:00
11.00 R20,536.61,3.849,Normal (Usia Pakai Pertengahan),2023-01-02 08:00:00
11.00 R20,2392.66,12.986,Baru (Optimal),2023-01-02 09:00:00
12.00 R20,2427.83,13.258,Baru (Optimal),2023-01-02 10:00:00
11.00 R20,2097.63,11.317,Baru (Optimal),2023-01-02 11:00:00
11.00 R20,1039.69,6.229,Baru (Optimal),2023-01-02 12:00:00
10.00 R20,605.11,4.128,Normal (Usia Pakai Pertengahan),2023-01-02 13:00:00
10.00 R20,1836.89,10.194,Baru (Optimal),2023-01-02 14:00:00
12.00 R24,1324.32,7.744,Baru (Optimal),2023-01-02 15:00:00
10.00 R20,656.28,4.222,Normal (Usia Pakai Pertengahan),2023-01-02 16:00:00
10.00 R20,1439.87,8.361,Baru (Optimal),2023-01-02 17:00:00
10.00 R20,472.22,3.625,Normal (Usia Pakai Pertengahan),2023-01-02 18:00:00
10.00 R20,2309.57,12.506,Baru (Optimal),2023-01-02 19:00:00
12.00 R24,943.44,5.666,Baru (Optimal),2023-01-02 20:00:00
10.00 R20,1791.3,10.124,Baru (Optimal),2023-01-02 21:00:00
12.00 R20,1054.59,6.455,Baru (Optimal),2023-01-02 22:00:00
12.00 R20,1492.14,8.401,Baru (Optimal),2023-01-02 23:00:00
12.00 R20,1548.09,8.692,Baru (Optimal),2023-01-03 00:00:00
12.00 R20,788.19,4.909,Normal (Usia Pakai Pertengahan),2023-01-03 01:00:00
10.00 R20,2436.13,13.026,Baru (Optimal),2023-01-03 02:00:00
12.00 R20,2027.78,11.033,Baru (Optimal),2023-01-03 03:00:00
10.00 R20,2372.95,12.749,Baru (Optimal),2023-01-03 04:00:00
12.00 R24,2279.14,12.307,Baru (Optimal),2023-01-03 05:00:00
12.00 R20,1655.59,9.274,Baru (Optimal),2023-01-03 06:00:00
11.00 R20,2335.94,12.707,Baru (Optimal),2023-01-03 07:00:00
12.00 R20,585.83,4.107,Normal (Usia Pakai Pertengahan),2023-01-03 08:00:00
12.00 R20,811.56,4.943,Normal (Usia Pakai Pertengahan),2023-01-03 09:00:00
10.00 R20,494.98,3.588,Normal (Usia Pakai Pertengahan),2023-01-03 10:00:00
12.00 R20,1083.19,6.391,Baru (Optimal),2023-01-03 11:00:00
11.00 R20,1216.22,7.075,Baru (Optimal),2023-01-03 12:00:00
10.00 R20,969.83,5.927,Baru (Optimal),2023-01-03 13:00:00
10.00 R20,2140.35,11.573,Baru (Optimal),2023-01-03 14:00:00
12.00 R24,1149.18,6.79,Baru (Optimal),2023-01-03 15:00:00
12.00 R24,989.96,5.969,Baru (Optimal),2023-01-03 16:00:00
12.00 R20,1539.66,8.755,Baru (Optimal),2023-01-03 17:00:00
12.00 R24,695.94,4.513,Normal (Usia Pakai Pertengahan),2023-01-03 18:00:00
12.00 R24,2084.61,11.705,Baru (Optimal),2023-01-03 19:00:00
12.00 R24,556.56,3.709,Normal (Usia Pakai Pertengahan),2023-01-03 20:00:00
10.00 R20,2472.46,13.301,Baru (Optimal),2023-01-03 21:00:00
10.00 R20,2021.71,11.037,Baru (Optimal),2023-01-03 22:00:00
10.00 R20,817.3,5.023,Baru (Optimal),2023-01-03 23:00:00
12.00 R24,411.6,2.985,Hampir Aus (Warning),2023-01-04 00:00:00
10.00 R20,2112.47,11.699,Baru (Optimal),2023-01-04 01:00:00
12.00 R24,1884.4,10.585,Baru (Optimal),2023-01-04 02:00:00
10.00 R20,1930.92,10.589,Baru (Optimal),2023-01-04 03:00:00
10.00 R20,2019.67,11.003,Baru (Optimal),2023-01-04 04:00:00
11.00 R20,555.49,3.832,Normal (Usia Pakai Pertengahan),2023-01-04 05:00:00
12.00 R20,1152.78,6.7,Baru (Optimal),2023-01-04 06:00:00
12.00 R24,643.33,4.289,Normal (Usia Pakai Pertengahan),2023-01-04 07:00:00
11.00 R20,2212.52,12.086,Baru (Optimal),2023-01-04 08:00:00
10.00 R20,1708.93,9.37,Baru (Optimal),2023-01-04 09:00:00
12.00 R24,1094.89,6.652,Baru (Optimal),2023-01-04 10:00:00
10.00 R20,533.47,3.874,Normal (Usia Pakai Pertengahan),2023-01-04 11:00:00
12.00 R20,1053.06,6.195,Baru (Optimal),2023-01-04 12:00:00
11.00 R20,1082.88,6.37,Baru (Optimal),2023-01-04 13:00:00
12.00 R20,1932.17,10.694,Baru (Optimal),2023-01-04 14:00:00
11.00 R20,1738.87,9.733,Baru (Optimal),2023-01-04 15:00:00
10.00 R20,2263.15,12.391,Baru (Optimal),2023-01-04 16:00:00
12.00 R20,1391.65,8.189,Baru (Optimal),2023-01-04 17:00:00
12.00 R20,651.15,4.235,Normal (Usia Pakai Pertengahan),2023-01-04 18:00:00
10.00 R20,1897.81,10.397,Baru (Optimal),2023-01-04 19:00:00
12.00 R20,1997.65,10.83,Baru (Optimal),2023-01-04 20:00:00
12.00 R24,1578.68,8.809,Baru (Optimal),2023-01-04 21:00:00
11.00 R20,2019.03,11.091,Baru (Optimal),2023-01-04 22:00:00
11.00 R20,1436.97,8.391,Baru (Optimal),2023-01-04 23:00:00
11.00 R20,1497.74,8.429,Baru (Optimal),2023-01-05 00:00:00
12.00 R24,1297.84,7.515,Baru (Optimal),2023-01-05 01:00:00
11.00 R20,453.38,3.265,Normal (Usia Pakai Pertengahan),2023-01-05 02:00:00
10.00 R20,626.57,4.27,Normal (Usia Pakai Pertengahan),2023-01-05 03:00:00
12.00 R20,466.0,3.621,Normal (Usia Pakai Pertengahan),2023-01-05 04:00:00
12.00 R24,1736.46,9.621,Baru (Optimal),2023-01-05 05:00:00
11.00 R20,1060.15,6.244,Baru (Optimal),2023-01-05 06:00:00
10.00 R20,1468.0,8.46,Baru (Optimal),2023-01-05 07:00:00
12.00 R20,2305.89,12.608,Baru (Optimal),2023-01-05 08:00:00
12.00 R20,923.51,5.83,Baru (Optimal),2023-01-05 09:00:00
12.00 R24,1261.8,7.376,Baru (Optimal),2023-01-05 10:00:00
12.00 R24,1986.66,10.892,Baru (Optimal),2023-01-05 11:00:00
12.00 R24,880.48,5.47,Baru (Optimal),2023-01-05 12:00:00
10.00 R20,561.66,3.936,Normal (Usia Pakai Pertengahan),2023-01-05 13:00:00
10.00 R20,1008.48,6.137,Baru (Optimal),2023-01-05 14:00:00
12.00 R24,738.56,4.751,Normal (Usia Pakai Pertengahan),2023-01-05 15:00:00
11.00 R20,2352.37,12.884,Baru (Optimal),2023-01-05 16:00:00
12.00 R20,2097.05,11.62,Baru (Optimal),2023-01-05 17:00:00
12.00 R20,1730.15,9.81,Baru (Optimal),2023-01-05 18:00:00
10.00 R20,2230.07,12.225,Baru (Optimal),2023-01-05 19:00:00
12.00 R20,2087.71,11.419,Baru (Optimal),2023-01-05 20:00:00
11.00 R20,791.8,4.976,Normal (Usia Pakai Pertengahan),2023-01-05 21:00:00
12.00 R20,2274.37,12.511,Baru (Optimal),2023-01-05 22:00:00
10.00 R20,1532.62,8.569,Baru (Optimal),2023-01-05 23:00:00
10.00 R20,2095.62,11.521,Baru (Optimal),2023-01-06 00:00:00
11.00 R20,2281.79,12.364,Baru (Optimal),2023-01-06 01:00:00
11.00 R20,1067.81,6.342,Baru (Optimal),2023-01-06 02:00:00
12.00 R20,631.11,4.303,Normal (Usia Pakai Pertengahan),2023-01-06 03:00:00
12.00 R20,878.66,5.415,Baru (Optimal),2023-01-06 04:00:00
10.00 R20,1296.93,7.49,Baru (Optimal),2023-01-06 05:00:00
11.00 R20,2117.83,11.433,Baru (Optimal),2023-01-06 06:00:00
11.00 R20,2207.53,12.123,Baru (Optimal),2023-01-06 07:00:00
11.00 R20,414.6,3.147,Normal (Usia Pakai Pertengahan),2023-01-06 08:00:00
12.00 R20,1472.57,8.612,Baru (Optimal),2023-01-06 09:00:00
11.00 R20,1276.56,7.347,Baru (Optimal),2023-01-06 10:00:00
10.00 R20,866.43,5.357,Baru (Optimal),2023-01-06 11:00:00
10.00 R20,651.72,4.287,Normal (Usia Pakai Pertengahan),2023-01-06 12:00:00
12.00 R20,1108.99,6.726,Baru (Optimal),2023-01-06 13:00:00
12.00 R24,2380.11,12.89,Baru (Optimal),2023-01-06 14:00:00
12.00 R20,1078.73,6.426,Baru (Optimal),2023-01-06 15:00:00
12.00 R24,1489.46,8.517,Baru (Optimal),2023-01-06 16:00:00
11.00 R20,1876.34,10.403,Baru (Optimal),2023-01-06 17:00:00
12.00 R20,1163.62,6.767,Baru (Optimal),2023-01-06 18:00:00
10.00 R20,2440.74,13.226,Baru (Optimal),2023-01-06 19:00:00
11.00 R20,2421.14,13.229,Baru (Optimal),2023-01-06 20:00:00
10.00 R20,928.74,5.526,Baru (Optimal),2023-01-06 21:00:00
11.00 R20,1444.22,8.236,Baru (Optimal),2023-01-06 22:00:00
12.00 R20,1031.84,6.079,Baru (Optimal),2023-01-06 23:00:00
12.00 R24,998.17,6.128,Baru (Optimal),2023-01-07 00:00:00
11.00 R20,477.46,3.212,Normal (Usia Pakai Pertengahan),2023-01-07 01:00:00
12.00 R24,1680.09,9.336,Baru (Optimal),2023-01-07 02:00:00
11.00 R20,1455.63,8.322,Baru (Optimal),2023-01-07 03:00:00
10.00 R20,508.11,3.721,Normal (Usia Pakai Pertengahan),2023-01-07 04:00:00
10.00 R20,985.16,5.918,Baru (Optimal),2023-01-07 05:00:00
11.00 R20,2307.36,12.473,Baru (Optimal),2023-01-07 06:00:00
12.00 R24,903.08,5.732,Baru (Optimal),2023-01-07 07:00:00
12.00 R20,704.28,4.355,Normal (Usia Pakai Pertengahan),2023-01-07 08:00:00
12.00 R20,1427.85,7.886,Baru (Optimal),2023-01-07 09:00:00
10.00 R20,2469.87,13.4,Baru (Optimal),2023-01-07 10:00:00
12.00 R20,908.32,5.484,Baru (Optimal),2023-01-07 11:00:00
10.00 R20,1811.48,9.94,Baru (Optimal),2023-01-07 12:00:00
12.00 R20,1999.4,11.078,Baru (Optimal),2023-01-07 13:00:00
11.00 R20,899.04,5.523,Baru (Optimal),2023-01-07 14:00:00
10.00 R20,1929.25,10.581,Baru (Optimal),2023-01-07 15:00:00
10.00 R20,1172.34,6.714,Baru (Optimal),2023-01-07 16:00:00
11.00 R20,1727.84,9.74,Baru (Optimal),2023-01-07 17:00:00
10.00 R20,1730.41,9.727,Baru (Optimal),2023-01-07 18:00:00
12.00 R20,1525.13,8.614,Baru (Optimal),2023-01-07 19:00:00
12.00 R20,589.61,4.16,Normal (Usia Pakai Pertengahan),2023-01-07 20:00:00
10.00 R20,2154.14,11.648,Baru (Optimal),2023-01-07 21:00:00
12.00 R20,1073.64,6.193,Baru (Optimal),2023-01-07 22:00:00
12.00 R24,791.69,4.879,Normal (Usia Pakai Pertengahan),2023-01-07 23:00:00
10.00 R20,485.63,3.423,Normal (Usia Pakai Pertengahan),2023-01-08 00:00:00
11.00 R20,1640.88,9.232,Baru (Optimal),2023-01-08 01:00:00
12.00 R24,1822.89,10.087,Baru (Optimal),2023-01-08 02:00:00
10.00 R20,434.83,3.215,Normal (Usia Pakai Pertengahan),2023-01-08 03:00:00
11.00 R20,1475.4,8.233,Baru (Optimal),2023-01-08 04:00:00
12.00 R20,875.64,5.544,Baru (Optimal),2023-01-08 05:00:00
11.00 R20,1754.86,9.765,Baru (Optimal),2023-01-08 06:00:00
12.00 R24,766.17,4.959,Normal (Usia Pakai Pertengahan),2023-01-08 07:00:00
12.00 R20,1850.97,10.294,Baru (Optimal),2023-01-08 08:00:00
10.00 R20,1212.14,7.113,Baru (Optimal),2023-01-08 09:00:00
12.00 R20,2367.13,12.901,Baru (Optimal),2023-01-08 10:00:00
10.00 R20,688.79,4.495,Normal (Usia Pakai Pertengahan),2023-01-08 11:00:00
10.00 R20,1116.24,6.655,Baru (Optimal),2023-01-08 12:00:00
11.00 R20,638.29,4.344,Normal (Usia Pakai Pertengahan),2023-01-08 13:00:00
11.00 R20,2341.86,12.732,Baru (Optimal),2023-01-08 14:00:00
11.00 R20,2242.41,12.294,Baru (Optimal),2023-01-08 15:00:00
12.00 R24,941.68,5.698,Baru (Optimal),2023-01-08 16:00:00
12.00 R24,1785.97,10.095,Baru (Optimal),2023-01-08 17:00:00
11.00 R20,2116.17,11.503,Baru (Optimal),2023-01-08 18:00:00
12.00 R24,1565.92,9.037,Baru (Optimal),2023-01-08 19:00:00
12.00 R20,1512.27,8.557,Baru (Optimal),2023-01-08 20:00:00
12.00 R20,907.89,5.375,Baru (Optimal),2023-01-08 21:00:00
12.00 R24,595.52,3.992,Normal (Usia Pakai Pertengahan),2023-01-08 22:00:00
12.00 R24,2284.15,12.342,Baru (Optimal),2023-01-08 23:00:00
12.00 R20,2290.88,12.551,Baru (Optimal),2023-01-09 00:00:00
10.00 R20,1729.51,9.573,Baru (Optimal),2023-01-09 01:00:00
12.00 R20,1111.96,6.509,Baru (Optimal),2023-01-09 02:00:00
12.00 R20,1133.34,6.449,Baru (Optimal),2023-01-09 03:00:00
12.00 R24,1924.51,10.571,Baru (Optimal),2023-01-09 04:00:00
12.00 R20,2283.93,12.141,Baru (Optimal),2023-01-09 05:00:00
12.00 R24,2262.88,12.132,Baru (Optimal),2023-01-09 06:00:00
12.00 R24,2037.74,11.276,Baru (Optimal),2023-01-09 07:00:00
11.00 R20,1748.27,9.832,Baru (Optimal),2023-01-09 08:00:00
12.00 R20,576.69,3.932,Normal (Usia Pakai Pertengahan),2023-01-09 09:00:00
10.00 R20,739.42,4.586,Normal (Usia Pakai Pertengahan),2023-01-09 10:00:00
11.00 R20,2286.96,12.429,Baru (Optimal),2023-01-09 11:00:00
12.00 R24,1673.5,9.367,Baru (Optimal),2023-01-09 12:00:00
12.00 R24,419.31,2.963,Hampir Aus (Warning),2023-01-09 13:00:00
10.00 R20,613.09,4.238,Normal (Usia Pakai Pertengahan),2023-01-09 14:00:00
12.00 R24,1793.35,10.068,Baru (Optimal),2023-01-09 15:00:00
12.00 R20,410.63,3.028,Normal (Usia Pakai Pertengahan),2023-01-09 16:00:00
11.00 R20,737.7,4.692,Normal (Usia Pakai Pertengahan),2023-01-09 17:00:00
12.00 R24,1552.34,8.786,Baru (Optimal),2023-01-09 18:00:00
12.00 R24,1852.98,10.03,Baru (Optimal),2023-01-09 19:00:00
10.00 R20,1769.12,9.817,Baru (Optimal),2023-01-09 20:00:00
12.00 R20,870.97,5.276,Baru (Optimal),2023-01-09 21:00:00
12.00 R24,1895.58,10.363,Baru (Optimal),2023-01-09 22:00:00
10.00 R20,898.22,5.459,Baru (Optimal),2023-01-09 23:00:00
12.00 R24,1083.34,6.623,Baru (Optimal),2023-01-10 00:00:00
10.00 R20,1967.63,10.912,Baru (Optimal),2023-01-10 01:00:00
10.00 R20,1764.23,9.755,Baru (Optimal),2023-01-10 02:00:00
12.00 R20,2183.37,11.983,Baru (Optimal),2023-01-10 03:00:00
12.00 R24,1780.99,10.066,Baru (Optimal),2023-01-10 04:00:00
12.00 R20,1593.45,9.074,Baru (Optimal),2023-01-10 05:00:00
10.00 R20,596.72,3.99,Normal (Usia Pakai Pertengahan),2023-01-10 06:00:00
11.00 R20,1172.2,6.787,Baru (Optimal),2023-01-10 07:00:00
12.00 R24,956.92,5.865,Baru (Optimal),2023-01-10 08:00:00
11.00 R20,912.38,5.607,Baru (Optimal),2023-01-10 09:00:00
12.00 R24,2443.32,13.32,Baru (Optimal),2023-01-10 10:00:00
12.00 R20,1225.51,7.201,Baru (Optimal),2023-01-10 11:00:00
12.00 R20,2273.3,12.487,Baru (Optimal),2023-01-10 12:00:00
12.00 R20,1725.39,9.565,Baru (Optimal),2023-01-10 13:00:00
12.00 R20,2069.1,11.497,Baru (Optimal),2023-01-10 14:00:00
12.00 R20,1455.54,8.3,Baru (Optimal),2023-01-10 15:00:00
11.00 R20,1611.5,9.296,Baru (Optimal),2023-01-10 16:00:00
12.00 R20,1434.29,8.092,Baru (Optimal),2023-01-10 17:00:00
10.00 R20,810.01,5.25,Baru (Optimal),2023-01-10 18:00:00
10.00 R20,1917.15,10.609,Baru (Optimal),2023-01-10 19:00:00
11.00 R20,989.62,5.873,Baru (Optimal),2023-01-10 20:00:00
12.00 R24,451.06,3.2,Normal (Usia Pakai Pertengahan),2023-01-10 21:00:00
10.00 R20,1755.49,9.741,Baru (Optimal),2023-01-10 22:00:00
12.00 R24,771.93,4.908,Normal (Usia Pakai Pertengahan),2023-01-10 23:00:00
11.00 R20,2374.96,12.935,Baru (Optimal),2023-01-11 00:00:00
12.00 R24,2403.25,12.95,Baru (Optimal),2023-01-11 01:00:00
12.00 R24,2321.22,12.603,Baru (Optimal),2023-01-11 02:00:00
12.00 R24,1177.33,7.133,Baru (Optimal),2023-01-11 03:00:00
12.00 R24,432.46,3.361,Normal (Usia Pakai Pertengahan),2023-01-11 04:00:00
11.00 R20,2349.47,12.798,Baru (Optimal),2023-01-11 05:00:00
10.00 R20,1299.19,7.5,Baru (Optimal),2023-01-11 06:00:00
12.00 R20,2429.98,13.164,Baru (Optimal),2023-01-11 07:00:00
12.00 R24,2423.6,13.189,Baru (Optimal),2023-01-11 08:00:00
10.00 R20,2191.32,11.839,Baru (Optimal),2023-01-11 09:00:00
10.00 R20,1018.34,6.062,Baru (Optimal),2023-01-11 10:00:00
11.00 R20,1208.71,6.852,Baru (Optimal),2023-01-11 11:00:00
10.00 R20,2187.39,11.983,Baru (Optimal),2023-01-11 12:00:00
11.00 R20,1065.54,6.402,Baru (Optimal),2023-01-11 13:00:00
12.00 R24,755.93,4.724,Normal (Usia Pakai Pertengahan),2023-01-11 14:00:00
12.00 R24,1569.28,9.027,Baru (Optimal),2023-01-11 15:00:00
12.00 R20,2365.93,12.689,Baru (Optimal),2023-01-11 16:00:00
12.00 R20,1861.66,10.14,Baru (Optimal),2023-01-11 17:00:00
12.00 R20,1597.13,9.011,Baru (Optimal),2023-01-11 18:00:00
10.00 R20,604.07,4.141,Normal (Usia Pakai Pertengahan),2023-01-11 19:00:00
12.00 R24,1691.52,9.651,Baru (Optimal),2023-01-11 20:00:00
11.00 R20,2479.11,13.343,Baru (Optimal),2023-01-11 21:00:00
12.00 R20,694.18,4.595,Normal (Usia Pakai Pertengahan),2023-01-11 22:00:00
11.00 R20,1488.49,8.438,Baru (Optimal),2023-01-11 23:00:00
11.00 R20,2242.48,12.193,Baru (Optimal),2023-01-12 00:00:00
12.00 R20,1955.61,10.88,Baru (Optimal),2023-01-12 01:00:00
12.00 R24,1863.73,10.394,Baru (Optimal),2023-01-12 02:00:00
12.00 R20,1875.22,10.195,Baru (Optimal),2023-01-12 03:00:00
11.00 R20,1154.93,6.944,Baru (Optimal),2023-01-12 04:00:00
12.00 R20,1016.54,6.241,Baru (Optimal),2023-01-12 05:00:00
11.00 R20,2099.66,11.426,Baru (Optimal),2023-01-12 06:00:00
11.00 R20,2101.24,11.552,Baru (Optimal),2023-01-12 07:00:00
12.00 R20,2220.85,12.161,Baru (Optimal),2023-01-12 08:00:00
10.00 R20,2317.81,12.619,Baru (Optimal),2023-01-12 09:00:00
12.00 R20,1473.82,8.306,Baru (Optimal),2023-01-12 10:00:00
10.00 R20,1453.18,8.189,Baru (Optimal),2023-01-12 11:00:00
11.00 R20,2076.42,11.379,Baru (Optimal),2023-01-12 12:00:00
11.00 R20,1764.92,9.959,Baru (Optimal),2023-01-12 13:00:00
10.00 R20,1874.13,10.433,Baru (Optimal),2023-01-12 14:00:00
11.00 R20,2071.16,11.313,Baru (Optimal),2023-01-12 15:00:00
10.00 R20,2269.01,12.434,Baru (Optimal),2023-01-12 16:00:00
10.00 R20,1109.79,6.221,Baru (Optimal),2023-01-12 17:00:00
11.00 R20,1188.72,7.076,Baru (Optimal),2023-01-12 18:00:00
12.00 R24,597.36,3.787,Normal (Usia Pakai Pertengahan),2023-01-12 19:00:00
10.00 R20,1614.39,9.03,Baru (Optimal),2023-01-12 20:00:00
12.00 R20,475.48,3.249,Normal (Usia Pakai Pertengahan),2023-01-12 21:00:00
12.00 R20,1377.76,7.74,Baru (Optimal),2023-01-12 22:00:00
11.00 R20,1539.55,8.831,Baru (Optimal),2023-01-12 23:00:00
12.00 R24,1001.74,5.955,Baru (Optimal),2023-01-13 00:00:00
11.00 R20,1640.75,9.244,Baru (Optimal),2023-01-13 01:00:00
12.00 R24,464.05,3.315,Normal (Usia Pakai Pertengahan),2023-01-13 02:00:00
10.00 R20,478.43,3.447,Normal (Usia Pakai Pertengahan),2023-01-13 03:00:00
10.00 R20,2127.46,11.646,Baru (Optimal),2023-01-13 04:00:00
10.00 R20,1156.4,6.634,Baru (Optimal),2023-01-13 05:00:00
10.00 R20,666.83,4.449,Normal (Usia Pakai Pertengahan),2023-01-13 06:00:00
12.00 R20,1496.71,8.427,Baru (Optimal),2023-01-13 07:00:00
12.00 R20,2016.99,10.906,Baru (Optimal),2023-01-13 08:00:00
11.00 R20,853.22,5.217,Baru (Optimal),2023-01-13 09:00:00
12.00 R24,1708.07,9.713,Baru (Optimal),2023-01-13 10:00:00
10.00 R20,579.23,3.994,Normal (Usia Pakai Pertengahan),2023-01-13 11:00:00
10.00 R20,508.53,3.503,Normal (Usia Pakai Pertengahan),2023-01-13 12:00:00
12.00 R24,1515.84,8.539,Baru (Optimal),2023-01-13 13:00:00
12.00 R24,1535.33,8.64,Baru (Optimal),2023-01-13 14:00:00
11.00 R20,1738.6,9.932,Baru (Optimal),2023-01-13 15:00:00
12.00 R24,1924.79,10.668,Baru (Optimal),2023-01-13 16:00:00
10.00 R20,2449.29,13.296,Baru (Optimal),2023-01-13 17:00:00
10.00 R20,1484.23,8.54,Baru (Optimal),2023-01-13 18:00:00
10.00 R20,1078.21,6.419,Baru (Optimal),2023-01-13 19:00:00
10.00 R20,2069.89,11.32,Baru (Optimal),2023-01-13 20:00:00
10.00 R20,968.75,5.821,Baru (Optimal),2023-01-13 21:00:00
11.00 R20,1321.84,7.601,Baru (Optimal),2023-01-13 22:00:00
10.00 R20,564.76,3.82,Normal (Usia Pakai Pertengahan),2023-01-13 23:00:00
11.00 R20,453.24,3.35,Normal (Usia Pakai Pertengahan),2023-01-14 00:00:00
10.00 R20,2421.56,13.114,Baru (Optimal),2023-01-14 01:00:00
12.00 R20,2155.56,11.862,Baru (Optimal),2023-01-14 02:00:00
12.00 R20,1861.55,10.298,Baru (Optimal),2023-01-14 03:00:00
12.00 R20,1258.8,7.303,Baru (Optimal),2023-01-14 04:00:00
12.00 R20,763.92,4.59,Normal (Usia Pakai Pertengahan),2023-01-14 05:00:00
11.00 R20,728.52,4.748,Normal (Usia Pakai Pertengahan),2023-01-14 06:00:00
11.00 R20,925.51,5.667,Baru (Optimal),2023-01-14 07:00:00
12.00 R24,1553.38,8.882,Baru (Optimal),2023-01-14 08:00:00
10.00 R20,1900.65,10.17,Baru (Optimal),2023-01-14 09:00:00
12.00 R20,1786.41,10.172,Baru (Optimal),2023-01-14 10:00:00
11.00 R20,987.86,5.923,Baru (Optimal),2023-01-14 11:00:00
10.00 R20,2405.22,13.154,Baru (Optimal),2023-01-14 12:00:00
10.00 R20,1949.58,10.628,Baru (Optimal),2023-01-14 13:00:00
11.00 R20,1564.14,8.891,Baru (Optimal),2023-01-14 14:00:00
12.00 R20,1684.61,9.302,Baru (Optimal),2023-01-14 15:00:00
12.00 R24,1281.16,7.334,Baru (Optimal),2023-01-14 16:00:00
10.00 R20,920.24,5.821,Baru (Optimal),2023-01-14 17:00:00
12.00 R24,1147.54,6.716,Baru (Optimal),2023-01-14 18:00:00
12.00 R20,1991.48,10.982,Baru (Optimal),2023-01-14 19:00:00
12.00 R20,430.23,3.251,Normal (Usia Pakai Pertengahan),2023-01-14 20:00:00
12.00 R24,643.75,4.276,Normal (Usia Pakai Pertengahan),2023-01-14 21:00:00
12.00 R20,496.61,3.5,Normal (Usia Pakai Pertengahan),2023-01-14 22:00:00
10.00 R20,485.53,3.47,Normal (Usia Pakai Pertengahan),2023-01-14 23:00:00
12.00 R24,2196.47,12.259,Baru (Optimal),2023-01-15 00:00:00
12.00 R20,1877.68,10.382,Baru (Optimal),2023-01-15 01:00:00
12.00 R24,1395.77,8.002,Baru (Optimal),2023-01-15 02:00:00
10.00 R20,605.45,4.148,Normal (Usia Pakai Pertengahan),2023-01-15 03:00:00
12.00 R20,1432.39,8.289,Baru (Optimal),2023-01-15 04:00:00
10.00 R20,1394.29,8.108,Baru (Optimal),2023-01-15 05:00:00
12.00 R20,763.72,4.892,Normal (Usia Pakai Pertengahan),2023-01-15 06:00:00
11.00 R20,1311.09,7.424,Baru (Optimal),2023-01-15 07:00:00
12.00 R20,1236.86,7.372,Baru (Optimal),2023-01-15 08:00:00
12.00 R24,1693.29,9.335,Baru (Optimal),2023-01-15 09:00:00
12.00 R20,1733.7,9.703,Baru (Optimal),2023-01-15 10:00:00
10.00 R20,495.14,3.389,Normal (Usia Pakai Pertengahan),2023-01-15 11:00:00
10.00 R20,1186.69,6.926,Baru (Optimal),2023-01-15 12:00:00
12.00 R20,1714.31,9.609,Baru (Optimal),2023-01-15 13:00:00
12.00 R24,1456.59,8.32,Baru (Optimal),2023-01-15 14:00:00
11.00 R20,2198.63,12.042,Baru (Optimal),2023-01-15 15:00:00
12.00 R24,1783.26,10.102,Baru (Optimal),2023-01-15 16:00:00
11.00 R20,742.16,4.763,Normal (Usia Pakai Pertengahan),2023-01-15 17:00:00
10.00 R20,548.19,3.713,Normal (Usia Pakai Pertengahan),2023-01-15 18:00:00
12.00 R24,1749.08,9.856,Baru (Optimal),2023-01-15 19:00:00
11.00 R20,455.67,3.415,Normal (Usia Pakai Pertengahan),2023-01-15 20:00:00
12.00 R20,1630.13,9.009,Baru (Optimal),2023-01-15 21:00:00
10.00 R20,2374.48,12.941,Baru (Optimal),2023-01-15 22:00:00
12.00 R20,1608.5,9.123,Baru (Optimal),2023-01-15 23:00:00
10.00 R20,1215.16,7.042,Baru (Optimal),2023-01-16 00:00:00
12.00 R24,1750.91,9.913,Baru (Optimal),2023-01-16 01:00:00
12.00 R24,1362.33,7.794,Baru (Optimal),2023-01-16 02:00:00
10.00 R20,1545.8,8.743,Baru (Optimal),2023-01-16 03:00:00
10.00 R20,2377.08,12.865,Baru (Optimal),2023-01-16 04:00:00
10.00 R20,1210.82,7.056,Baru (Optimal),2023-01-16 05:00:00
12.00 R24,2418.5,12.966,Baru (Optimal),2023-01-16 06:00:00
11.00 R20,2301.24,12.341,Baru (Optimal),2023-01-16 07:00:00
12.00 R20,811.16,5.239,Baru (Optimal),2023-01-16 08:00:00
12.00 R20,545.66,3.631,Normal (Usia Pakai Pertengahan),2023-01-16 09:00:00
12.00 R24,611.63,3.944,Normal (Usia Pakai Pertengahan),2023-01-16 10:00:00
12.00 R20,438.27,2.944,Hampir Aus (Warning),2023-01-16 11:00:00
10.00 R20,598.33,3.918,Normal (Usia Pakai Pertengahan),2023-01-16 12:00:00
11.00 R20,1834.31,10.019,Baru (Optimal),2023-01-16 13:00:00
12.00 R20,549.5,3.936,Normal (Usia Pakai Pertengahan),2023-01-16 14:00:00
11.00 R20,1069.85,6.465,Baru (Optimal),2023-01-16 15:00:00
10.00 R20,2174.24,11.792,Baru (Optimal),2023-01-16 16:00:00
12.00 R20,448.87,3.503,Normal (Usia Pakai Pertengahan),2023-01-16 17:00:00
12.00 R24,2110.38,11.665,Baru (Optimal),2023-01-16 18:00:00
11.00 R20,991.9,5.922,Baru (Optimal),2023-01-16 19:00:00
10.00 R20,648.15,3.953,Normal (Usia Pakai Pertengahan),2023-01-16 20:00:00
11.00 R20,1863.15,10.579,Baru (Optimal),2023-01-16 21:00:00
12.00 R20,1720.78,9.444,Baru (Optimal),2023-01-16 22:00:00
12.00 R20,2242.69,12.024,Baru (Optimal),2023-01-16 23:00:00
12.00 R24,1943.65,10.836,Baru (Optimal),2023-01-17 00:00:00
10.00 R20,2087.31,11.717,Baru (Optimal),2023-01-17 01:00:00
10.00 R20,992.27,6.121,Baru (Optimal),2023-01-17 02:00:00
12.00 R24,772.62,4.928,Normal (Usia Pakai Pertengahan),2023-01-17 03:00:00
12.00 R24,1976.29,10.95,Baru (Optimal),2023-01-17 04:00:00
10.00 R20,2094.35,11.57,Baru (Optimal),2023-01-17 05:00:00
11.00 R20,2480.06,13.488,Baru (Optimal),2023-01-17 06:00:00
11.00 R20,1266.5,7.365,Baru (Optimal),2023-01-17 07:00:00
12.00 R24,1181.24,6.918,Baru (Optimal),2023-01-17 08:00:00
11.00 R20,2030.47,11.145,Baru (Optimal),2023-01-17 09:00:00
10.00 R20,1115.69,6.492,Baru (Optimal),2023-01-17 10:00:00
12.00 R20,2354.59,12.741,Baru (Optimal),2023-01-17 11:00:00
12.00 R20,2202.67,11.819,Baru (Optimal),2023-01-17 12:00:00
11.00 R20,1300.89,7.493,Baru (Optimal),2023-01-17 13:00:00
12.00 R24,1976.83,10.77,Baru (Optimal),2023-01-17 14:00:00
12.00 R24,1984.54,10.796,Baru (Optimal),2023-01-17 15:00:00
12.00 R24,616.56,4.103,Normal (Usia Pakai Pertengahan),2023-01-17 16:00:00
12.00 R24,2295.36,12.637,Baru (Optimal),2023-01-17 17:00:00
12.00 R24,1461.03,8.411,Baru (Optimal),2023-01-17 18:00:00
11.00 R20,2135.56,11.497,Baru (Optimal),2023-01-17 19:00:00
12.00 R20,1072.1,6.247,Baru (Optimal),2023-01-17 20:00:00
12.00 R20,2280.6,12.511,Baru (Optimal),2023-01-17 21:00:00
11.00 R20,1217.32,6.974,Baru (Optimal),2023-01-17 22:00:00
12.00 R24,422.76,3.088,Normal (Usia Pakai Pertengahan),2023-01-17 23:00:00
11.00 R20,2301.3,12.57,Baru (Optimal),2023-01-18 00:00:00
12.00 R20,591.7,3.847,Normal (Usia Pakai Pertengahan),2023-01-18 01:00:00
10.00 R20,1070.56,6.365,Baru (Optimal),2023-01-18 02:00:00
11.00 R20,2395.13,12.822,Baru (Optimal),2023-01-18 03:00:00
12.00 R24,2396.28,12.912,Baru (Optimal),2023-01-18 04:00:00
12.00 R20,1604.22,9.058,Baru (Optimal),2023-01-18 05:00:00
12.00 R20,1726.86,9.451,Baru (Optimal),2023-01-18 06:00:00
12.00 R20,1341.74,7.759,Baru (Optimal),2023-01-18 07:00:00
12.00 R20,1015.74,6.076,Baru (Optimal),2023-01-18 08:00:00
12.00 R24,1090.2,6.515,Baru (Optimal),2023-01-18 09:00:00
10.00 R20,1812.29,10.087,Baru (Optimal),2023-01-18 10:00:00
12.00 R20,1979.99,11.057,Baru (Optimal),2023-01-18 11:00:00
11.00 R20,2062.32,11.326,Baru (Optimal),2023-01-18 12:00:00
10.00 R20,2058.2,11.242,Baru (Optimal),2023-01-18 13:00:00
12.00 R20,591.53,3.972,Normal (Usia Pakai Pertengahan),2023-01-18 14:00:00
10.00 R20,1438.28,8.254,Baru (Optimal),2023-01-18 15:00:00
11.00 R20,520.87,3.61,Normal (Usia Pakai Pertengahan),2023-01-18 16:00:00
12.00 R20,1554.01,8.775,Baru (Optimal),2023-01-18 17:00:00
11.00 R20,1327.21,7.555,Baru (Optimal),2023-01-18 18:00:00
12.00 R24,2264.18,12.245,Baru (Optimal),2023-01-18 19:00:00
12.00 R20,1136.92,6.523,Baru (Optimal),2023-01-18 20:00:00
12.00 R20,645.84,4.43,Normal (Usia Pakai Pertengahan),2023-01-18 21:00:00
12.00 R20,700.28,4.358,Normal (Usia Pakai Pertengahan),2023-01-18 22:00:00
12.00 R20,1999.17,10.916,Baru (Optimal),2023-01-18 23:00:00
12.00 R24,1698.26,9.409,Baru (Optimal),2023-01-19 00:00:00
12.00 R20,612.36,4.165,Normal (Usia Pakai Pertengahan),2023-01-19 01:00:00
10.00 R20,576.62,3.849,Normal (Usia Pakai Pertengahan),2023-01-19 02:00:00
12.00 R20,1872.04,10.504,Baru (Optimal),2023-01-19 03:00:00
12.00 R24,552.8,3.687,Normal (Usia Pakai Pertengahan),2023-01-19 04:00:00
12.00 R20,2125.91,11.662,Baru (Optimal),2023-01-19 05:00:00
10.00 R20,1883.11,10.319,Baru (Optimal),2023-01-19 06:00:00
12.00 R24,570.83,4.101,Normal (Usia Pakai Pertengahan),2023-01-19 07:00:00
12.00 R24,578.16,3.754,Normal (Usia Pakai Pertengahan),2023-01-19 08:00:00
10.00 R20,2471.94,13.395,Baru (Optimal),2023-01-19 09:00:00
10.00 R20,1185.97,7.003,Baru (Optimal),2023-01-19 10:00:00
10.00 R20,1178.35,6.939,Baru (Optimal),2023-01-19 11:00:00
10.00 R20,2106.88,11.513,Baru (Optimal),2023-01-19 12:00:00
10.00 R20,2389.22,12.931,Baru (Optimal),2023-01-19 13:00:00
12.00 R24,2470.6,13.358,Baru (Optimal),2023-01-19 14:00:00
12.00 R24,1982.09,10.894,Baru (Optimal),2023-01-19 15:00:00
12.00 R20,1190.15,7.062,Baru (Optimal),2023-01-19 16:00:00
12.00 R20,575.35,4.131,Normal (Usia Pakai Pertengahan),2023-01-19 17:00:00
11.00 R20,2032.01,11.096,Baru (Optimal),2023-01-19 18:00:00
12.00 R20,1572.65,8.706,Baru (Optimal),2023-01-19 19:00:00
12.00 R20,1290.87,7.444,Baru (Optimal),2023-01-19 20:00:00
10.00 R20,2303.34,12.813,Baru (Optimal),2023-01-19 21:00:00
10.00 R20,633.51,4.075,Normal (Usia Pakai Pertengahan),2023-01-19 22:00:00
12.00 R20,1434.51,8.361,Baru (Optimal),2023-01-19 23:00:00
11.00 R20,423.84,3.312,Normal (Usia Pakai Pertengahan),2023-01-20 00:00:00
10.00 R20,1384.19,7.857,Baru (Optimal),2023-01-20 01:00:00
12.00 R20,518.24,3.657,Normal (Usia Pakai Pertengahan),2023-01-20 02:00:00
12.00 R20,649.52,4.435,Normal (Usia Pakai Pertengahan),2023-01-20 03:00:00
12.00 R24,646.81,4.19,Normal (Usia Pakai Pertengahan),2023-01-20 04:00:00
11.00 R20,1763.34,9.793,Baru (Optimal),2023-01-20 05:00:00
12.00 R24,1966.69,10.767,Baru (Optimal),2023-01-20 06:00:00
11.00 R20,1625.07,9.009,Baru (Optimal),2023-01-20 07:00:00
10.00 R20,2420.56,13.028,Baru (Optimal),2023-01-20 08:00:00
11.00 R20,1187.23,6.795,Baru (Optimal),2023-01-20 09:00:00
12.00 R20,1000.0,6.004,Baru (Optimal),2023-01-20 10:00:00
12.00 R20,2224.06,12.032,Baru (Optimal),2023-01-20 11:00:00
11.00 R20,869.55,5.375,Baru (Optimal),2023-01-20 12:00:00
11.00 R20,2422.77,12.935,Baru (Optimal),2023-01-20 13:00:00
11.00 R20,425.52,3.166,Normal (Usia Pakai Pertengahan),2023-01-20 14:00:00
12.00 R24,2436.75,13.28,Baru (Optimal),2023-01-20 15:00:00
11.00 R20,490.64,3.224,Normal (Usia Pakai Pertengahan),2023-01-20 16:00:00
10.00 R20,2271.4,12.4,Baru (Optimal),2023-01-20 17:00:00
12.00 R24,1508.17,8.682,Baru (Optimal),2023-01-20 18:00:00
12.00 R24,2485.23,13.287,Baru (Optimal),2023-01-20 19:00:00
11.00 R20,554.97,3.967,Normal (Usia Pakai Pertengahan),2023-01-20 20:00:00
10.00 R20,1563.09,8.864,Baru (Optimal),2023-01-20 21:00:00
12.00 R24,2435.54,13.097,Baru (Optimal),2023-01-20 22:00:00
12.00 R20,1498.51,8.486,Baru (Optimal),2023-01-20 23:00:00
12.00 R24,1721.74,9.673,Baru (Optimal),2023-01-21 00:00:00
11.00 R20,1861.07,10.314,Baru (Optimal),2023-01-21 01:00:00
10.00 R20,1354.54,7.835,Baru (Optimal),2023-01-21 02:00:00
11.00 R20,1717.87,9.483,Baru (Optimal),2023-01-21 03:00:00
12.00 R20,1627.06,9.155,Baru (Optimal),2023-01-21 04:00:00
12.00 R20,2292.43,12.3,Baru (Optimal),2023-01-21 05:00:00
12.00 R20,495.44,3.464,Normal (Usia Pakai Pertengahan),2023-01-21 06:00:00
11.00 R20,990.02,5.846,Baru (Optimal),2023-01-21 07:00:00
12.00 R24,2395.86,12.895,Baru (Optimal),2023-01-21 08:00:00
11.00 R20,2269.55,12.49,Baru (Optimal),2023-01-21 09:00:00
10.00 R20,1356.88,7.91,Baru (Optimal),2023-01-21 10:00:00
12.00 R24,1702.28,9.581,Baru (Optimal),2023-01-21 11:00:00
12.00 R20,982.5,5.787,Baru (Optimal),2023-01-21 12:00:00
11.00 R20,795.05,4.939,Normal (Usia Pakai Pertengahan),2023-01-21 13:00:00
12.00 R20,1373.77,8.008,Baru (Optimal),2023-01-21 14:00:00
12.00 R20,1142.04,6.726,Baru (Optimal),2023-01-21 15:00:00
10.00 R20,1625.68,9.395,Baru (Optimal),2023-01-21 16:00:00
12.00 R24,563.24,3.861,Normal (Usia Pakai Pertengahan),2023-01-21 17:00:00
10.00 R20,2446.23,13.253,Baru (Optimal),2023-01-21 18:00:00
10.00 R20,2471.04,13.32,Baru (Optimal),2023-01-21 19:00:00
10.00 R20,1866.14,10.346,Baru (Optimal),2023-01-21 20:00:00
12.00 R20,1525.8,8.611,Baru (Optimal),2023-01-21 21:00:00
10.00 R20,1050.01,6.331,Baru (Optimal),2023-01-21 22:00:00
10.00 R20,2108.97,11.655,Baru (Optimal),2023-01-21 23:00:00
12.00 R24,1837.94,10.099,Baru (Optimal),2023-01-22 00:00:00
12.00 R24,741.5,4.554,Normal (Usia Pakai Pertengahan),2023-01-22 01:00:00
10.00 R20,2312.95,12.354,Baru (Optimal),2023-01-22 02:00:00
12.00 R24,2127.33,11.695,Baru (Optimal),2023-01-22 03:00:00
12.00 R24,2394.58,12.846,Baru (Optimal),2023-01-22 04:00:00
10.00 R20,1924.01,10.372,Baru (Optimal),2023-01-22 05:00:00
12.00 R20,1688.17,9.486,Baru (Optimal),2023-01-22 06:00:00
10.00 R20,1278.31,7.678,Baru (Optimal),2023-01-22 07:00:00
12.00 R24,2358.73,12.793,Baru (Optimal),2023-01-22 08:00:00
12.00 R20,2218.73,12.19,Baru (Optimal),2023-01-22 09:00:00
11.00 R20,494.96,3.484,Normal (Usia Pakai Pertengahan),2023-01-22 10:00:00
12.00 R20,455.37,3.265,Normal (Usia Pakai Pertengahan),2023-01-22 11:00:00
12.00 R24,1190.57,7.059,Baru (Optimal),2023-01-22 12:00:00
12.00 R20,2102.16,11.477,Baru (Optimal),2023-01-22 13:00:00
10.00 R20,2473.28,13.397,Baru (Optimal),2023-01-22 14:00:00
11.00 R20,715.88,4.616,Normal (Usia Pakai Pertengahan),2023-01-22 15:00:00
11.00 R20,1647.67,9.162,Baru (Optimal),2023-01-22 16:00:00
11.00 R20,1199.87,7.113,Baru (Optimal),2023-01-22 17:00:00
12.00 R24,2436.82,13.164,Baru (Optimal),2023-01-22 18:00:00
12.00 R24,2168.45,11.755,Baru (Optimal),2023-01-22 19:00:00
11.00 R20,2160.49,11.864,Baru (Optimal),2023-01-22 20:00:00
12.00 R20,1384.26,7.818,Baru (Optimal),2023-01-22 21:00:00
11.00 R20,1271.12,7.359,Baru (Optimal),2023-01-22 22:00:00
12.00 R20,974.15,5.87,Baru (Optimal),2023-01-22 23:00:00
12.00 R20,518.39,3.717,Normal (Usia Pakai Pertengahan),2023-01-23 00:00:00
12.00 R24,2215.92,12.134,Baru (Optimal),2023-01-23 01:00:00
12.00 R20,2107.09,11.533,Baru (Optimal),2023-01-23 02:00:00
11.00 R20,2499.41,13.591,Baru (Optimal),2023-01-23 03:00:00
12.00 R24,2492.94,13.625,Baru (Optimal),2023-01-23 04:00:00
10.00 R20,1566.41,8.896,Baru (Optimal),2023-01-23 05:00:00
10.00 R20,2014.87,11.076,Baru (Optimal),2023-01-23 06:00:00
12.00 R24,2384.01,12.769,Baru (Optimal),2023-01-23 07:00:00
11.00 R20,2184.26,11.799,Baru (Optimal),2023-01-23 08:00:00
10.00 R20,919.43,5.562,Baru (Optimal),2023-01-23 09:00:00
10.00 R20,1346.14,7.661,Baru (Optimal),2023-01-23 10:00:00
12.00 R20,671.23,4.335,Normal (Usia Pakai Pertengahan),2023-01-23 11:00:00
12.00 R20,2403.51,13.024,Baru (Optimal),2023-01-23 12:00:00
11.00 R20,1672.97,9.426,Baru (Optimal),2023-01-23 13:00:00
12.00 R24,880.15,5.393,Baru (Optimal),2023-01-23 14:00:00
11.00 R20,1810.57,10.109,Baru (Optimal),2023-01-23 15:00:00
12.00 R24,1698.07,9.498,Baru (Optimal),2023-01-23 16:00:00
10.00 R20,1152.14,6.534,Baru (Optimal),2023-01-23 17:00:00
12.00 R20,638.47,4.084,Normal (Usia Pakai Pertengahan),2023-01-23 18:00:00
11.00 R20,1810.3,10.035,Baru (Optimal),2023-01-23 19:00:00
11.00 R20,1492.65,8.324,Baru (Optimal),2023-01-23 20:00:00
12.00 R24,2021.87,11.178,Baru (Optimal),2023-01-23 21:00:00
12.00 R24,1492.34,8.638,Baru (Optimal),2023-01-23 22:00:00
11.00 R20,2189.58,12.088,Baru (Optimal),2023-01-23 23:00:00
12.00 R24,1559.0,8.77,Baru (Optimal),2023-01-24 00:00:00
11.00 R20,1577.97,9.061,Baru (Optimal),2023-01-24 01:00:00
11.00 R20,2240.97,12.222,Baru (Optimal),2023-01-24 02:00:00
11.00 R20,1247.31,7.198,Baru (Optimal),2023-01-24 03:00:00
10.00 R20,681.43,4.337,Normal (Usia Pakai Pertengahan),2023-01-24 04:00:00
12.00 R24,460.44,3.267,Normal (Usia Pakai Pertengahan),2023-01-24 05:00:00
12.00 R20,1985.79,10.884,Baru (Optimal),2023-01-24 06:00:00
12.00 R20,1702.65,9.533,Baru (Optimal),2023-01-24 07:00:00
12.00 R24,1878.57,10.411,Baru (Optimal),2023-01-24 08:00:00
11.00 R20,847.22,5.236,Baru (Optimal),2023-01-24 09:00:00
12.00 R20,686.38,4.482,Normal (Usia Pakai Pertengahan),2023-01-24 10:00:00
12.00 R20,430.54,3.29,Normal (Usia Pakai Pertengahan),2023-01-24 11:00:00
12.00 R24,1136.23,6.79,Baru (Optimal),2023-01-24 12:00:00
12.00 R20,1638.83,9.023,Baru (Optimal),2023-01-24 13:00:00
11.00 R20,1223.71,6.825,Baru (Optimal),2023-01-24 14:00:00
12.00 R24,1318.7,7.701,Baru (Optimal),2023-01-24 15:00:00
11.00 R20,2298.73,12.336,Baru (Optimal),2023-01-24 16:00:00
12.00 R20,1131.34,6.631,Baru (Optimal),2023-01-24 17:00:00
12.00 R20,1479.38,8.262,Baru (Optimal),2023-01-24 18:00:00
11.00 R20,2045.67,11.021,Baru (Optimal),2023-01-24 19:00:00
10.00 R20,1232.74,7.226,Baru (Optimal),2023-01-24 20:00:00
12.00 R20,1706.38,9.619,Baru (Optimal),2023-01-24 21:00:00
10.00 R20,2210.96,11.989,Baru (Optimal),2023-01-24 22:00:00
12.00 R20,2393.99,12.672,Baru (Optimal),2023-01-24 23:00:00
10.00 R20,708.85,4.481,Normal (Usia Pakai Pertengahan),2023-01-25 00:00:00
10.00 R20,2345.83,12.774,Baru (Optimal),2023-01-25 01:00:00
10.00 R20,1433.44,7.997,Baru (Optimal),2023-01-25 02:00:00
11.00 R20,942.31,5.733,Baru (Optimal),2023-01-25 03:00:00
10.00 R20,1364.19,7.819,Baru (Optimal),2023-01-25 04:00:00
10.00 R20,2458.07,13.357,Baru (Optimal),2023-01-25 05:00:00
10.00 R20,1434.5,8.186,Baru (Optimal),2023-01-25 06:00:00
12.00 R20,1090.38,6.34,Baru (Optimal),2023-01-25 07:00:00
10.00 R20,1730.14,9.788,Baru (Optimal),2023-01-25 08:00:00
12.00 R20,904.31,5.503,Baru (Optimal),2023-01-25 09:00:00
10.00 R20,559.31,3.793,Normal (Usia Pakai Pertengahan),2023-01-25 10:00:00
10.00 R20,670.65,4.246,Normal (Usia Pakai Pertengahan),2023-01-25 11:00:00
11.00 R20,668.9,4.294,Normal (Usia Pakai Pertengahan),2023-01-25 12:00:00
12.00 R20,719.0,4.493,Normal (Usia Pakai Pertengahan),2023-01-25 13:00:00
10.00 R20,691.54,4.438,Normal (Usia Pakai Pertengahan),2023-01-25 14:00:00
12.00 R20,1745.84,9.926,Baru (Optimal),2023-01-25 15:00:00
12.00 R20,781.95,4.752,Normal (Usia Pakai Pertengahan),2023-01-25 16:00:00
12.00 R24,1125.9,6.444,Baru (Optimal),2023-01-25 17:00:00
11.00 R20,2283.26,12.585,Baru (Optimal),2023-01-25 18:00:00
11.00 R20,1395.32,7.953,Baru (Optimal),2023-01-25 19:00:00
11.00 R20,1801.87,9.932,Baru (Optimal),2023-01-25 20:00:00
12.00 R24,761.87,4.929,Normal (Usia Pakai Pertengahan),2023-01-25 21:00:00
12.00 R24,803.81,4.949,Normal (Usia Pakai Pertengahan),2023-01-25 22:00:00
11.00 R20,485.82,3.639,Normal (Usia Pakai Pertengahan),2023-01-25 23:00:00
12.00 R24,754.76,4.852,Normal (Usia Pakai Pertengahan),2023-01-26 00:00:00
12.00 R24,985.04,5.869,Baru (Optimal),2023-01-26 01:00:00
12.00 R24,771.72,5.107,Baru (Optimal),2023-01-26 02:00:00
11.00 R20,586.28,3.862,Normal (Usia Pakai Pertengahan),2023-01-26 03:00:00
11.00 R20,653.34,4.352,Normal (Usia Pakai Pertengahan),2023-01-26 04:00:00
11.00 R20,1367.64,7.873,Baru (Optimal),2023-01-26 05:00:00
12.00 R24,833.3,5.316,Baru (Optimal),2023-01-26 06:00:00
11.00 R20,1164.97,7.004,Baru (Optimal),2023-01-26 07:00:00
12.00 R24,1457.18,8.29,Baru (Optimal),2023-01-26 08:00:00
10.00 R20,1849.83,10.163,Baru (Optimal),2023-01-26 09:00:00
12.00 R24,482.56,3.466,Normal (Usia Pakai Pertengahan),2023-01-26 10:00:00
12.00 R20,2078.76,11.316,Baru (Optimal),2023-01-26 11:00:00
11.00 R20,1718.59,9.824,Baru (Optimal),2023-01-26 12:00:00
11.00 R20,571.69,3.874,Normal (Usia Pakai Pertengahan),2023-01-26 13:00:00
12.00 R20,2234.52,12.131,Baru (Optimal),2023-01-26 14:00:00
12.00 R24,2333.83,12.69,Baru (Optimal),2023-01-26 15:00:00
10.00 R20,528.26,3.486,Normal (Usia Pakai Pertengahan),2023-01-26 16:00:00
12.00 R20,981.44,5.795,Baru (Optimal),2023-01-26 17:00:00
12.00 R20,2093.02,11.603,Baru (Optimal),2023-01-26 18:00:00
12.00 R24,1971.35,10.781,Baru (Optimal),2023-01-26 19:00:00
11.00 R20,787.49,4.817,Normal (Usia Pakai Pertengahan),2023-01-26 20:00:00
12.00 R24,839.63,5.26,Baru (Optimal),2023-01-26 21:00:00
12.00 R20,1177.99,7.026,Baru (Optimal),2023-01-26 22:00:00
12.00 R20,1417.5,8.17,Baru (Optimal),2023-01-26 23:00:00
11.00 R20,1698.34,9.606,Baru (Optimal),2023-01-27 00:00:00
11.00 R20,1174.72,6.787,Baru (Optimal),2023-01-27 01:00:00
11.00 R20,1371.32,7.693,Baru (Optimal),2023-01-27 02:00:00
12.00 R24,1969.69,11.021,Baru (Optimal),2023-01-27 03:00:00
11.00 R20,477.03,3.348,Normal (Usia Pakai Pertengahan),2023-01-27 04:00:00
12.00 R20,930.12,5.622,Baru (Optimal),2023-01-27 05:00:00
12.00 R20,1898.03,10.643,Baru (Optimal),2023-01-27 06:00:00
10.00 R20,2279.93,12.464,Baru (Optimal),2023-01-27 07:00:00
12.00 R24,1474.52,8.425,Baru (Optimal),2023-01-27 08:00:00
10.00 R20,1517.44,8.836,Baru (Optimal),2023-01-27 09:00:00
12.00 R20,625.06,4.051,Normal (Usia Pakai Pertengahan),2023-01-27 10:00:00
10.00 R20,1339.57,7.805,Baru (Optimal),2023-01-27 11:00:00
12.00 R20,1518.5,8.599,Baru (Optimal),2023-01-27 12:00:00
10.00 R20,909.19,5.577,Baru (Optimal),2023-01-27 13:00:00
11.00 R20,965.41,6.003,Baru (Optimal),2023-01-27 14:00:00
10.00 R20,1192.3,7.02,Baru (Optimal),2023-01-27 15:00:00
11.00 R20,442.15,3.273,Normal (Usia Pakai Pertengahan),2023-01-27 16:00:00
11.00 R20,1076.37,6.505,Baru (Optimal),2023-01-27 17:00:00
12.00 R24,844.04,5.178,Baru (Optimal),2023-01-27 18:00:00
11.00 R20,1087.74,6.342,Baru (Optimal),2023-01-27 19:00:00
11.00 R20,651.5,4.137,Normal (Usia Pakai Pertengahan),2023-01-27 20:00:00
10.00 R20,2270.11,12.124,Baru (Optimal),2023-01-27 21:00:00
12.00 R20,1646.54,9.469,Baru (Optimal),2023-01-27 22:00:00
12.00 R24,1826.11,10.004,Baru (Optimal),2023-01-27 23:00:00
11.00 R20,2057.26,11.261,Baru (Optimal),2023-01-28 00:00:00
12.00 R24,1446.73,8.202,Baru (Optimal),2023-01-28 01:00:00
10.00 R20,582.53,3.948,Normal (Usia Pakai Pertengahan),2023-01-28 02:00:00
11.00 R20,1527.92,8.733,Baru (Optimal),2023-01-28 03:00:00
10.00 R20,1632.37,9.261,Baru (Optimal),2023-01-28 04:00:00
12.00 R24,1965.42,10.76,Baru (Optimal),2023-01-28 05:00:00
10.00 R20,1306.49,7.513,Baru (Optimal),2023-01-28 06:00:00
12.00 R24,667.92,4.372,Normal (Usia Pakai Pertengahan),2023-01-28 07:00:00
10.00 R20,995.93,5.951,Baru (Optimal),2023-01-28 08:00:00
12.00 R24,1162.47,6.997,Baru (Optimal),2023-01-28 09:00:00
12.00 R20,1756.43,9.839,Baru (Optimal),2023-01-28 10:00:00
10.00 R20,1598.63,9.078,Baru (Optimal),2023-01-28 11:00:00
10.00 R20,1147.8,6.815,Baru (Optimal),2023-01-28 12:00:00
12.00 R20,2471.68,13.493,Baru (Optimal),2023-01-28 13:00:00
12.00 R20,1672.13,9.381,Baru (Optimal),2023-01-28 14:00:00
10.00 R20,898.18,5.342,Baru (Optimal),2023-01-28 15:00:00
12.00 R20,613.74,4.115,Normal (Usia Pakai Pertengahan),2023-01-28 16:00:00
11.00 R20,721.0,4.53,Normal (Usia Pakai Pertengahan),2023-01-28 17:00:00
12.00 R24,916.51,5.522,Baru (Optimal),2023-01-28 18:00:00
12.00 R24,737.43,4.755,Normal (Usia Pakai Pertengahan),2023-01-28 19:00:00
12.00 R24,791.79,5.101,Baru (Optimal),2023-01-28 20:00:00
11.00 R20,998.7,5.996,Baru (Optimal),2023-01-28 21:00:00
12.00 R20,764.08,4.856,Normal (Usia Pakai Pertengahan),2023-01-28 22:00:00
12.00 R20,2283.21,12.612,Baru (Optimal),2023-01-28 23:00:00
10.00 R20,568.49,3.87,Normal (Usia Pakai Pertengahan),2023-01-29 00:00:00
12.00 R20,1501.47,8.807,Baru (Optimal),2023-01-29 01:00:00
10.00 R20,1261.83,7.374,Baru (Optimal),2023-01-29 02:00:00
11.00 R20,2463.0,13.112,Baru (Optimal),2023-01-29 03:00:00
12.00 R24,635.28,4.263,Normal (Usia Pakai Pertengahan),2023-01-29 04:00:00
12.00 R24,1235.5,7.221,Baru (Optimal),2023-01-29 05:00:00
12.00 R24,2435.89,13.328,Baru (Optimal),2023-01-29 06:00:00
12.00 R20,2217.56,12.165,Baru (Optimal),2023-01-29 07:00:00
10.00 R20,2115.85,11.563,Baru (Optimal),2023-01-29 08:00:00
10.00 R20,941.6,5.567,Baru (Optimal),2023-01-29 09:00:00
11.00 R20,758.86,4.77,Normal (Usia Pakai Pertengahan),2023-01-29 10:00:00
12.00 R20,1804.15,9.923,Baru (Optimal),2023-01-29 11:00:00
11.00 R20,2351.69,12.692,Baru (Optimal),2023-01-29 12:00:00
10.00 R20,1569.2,8.914,Baru (Optimal),2023-01-29 13:00:00
10.00 R20,1600.39,9.194,Baru (Optimal),2023-01-29 14:00:00
12.00 R24,987.96,5.985,Baru (Optimal),2023-01-29 15:00:00
12.00 R20,2015.94,10.942,Baru (Optimal),2023-01-29 16:00:00
10.00 R20,792.79,5.015,Baru (Optimal),2023-01-29 17:00:00
12.00 R24,1079.73,6.536,Baru (Optimal),2023-01-29 18:00:00
12.00 R20,1293.42,7.397,Baru (Optimal),2023-01-29 19:00:00
11.00 R20,1465.98,8.314,Baru (Optimal),2023-01-29 20:00:00
12.00 R20,909.06,5.547,Baru (Optimal),2023-01-29 21:00:00
12.00 R20,641.16,4.116,Normal (Usia Pakai Pertengahan),2023-01-29 22:00:00
10.00 R20,1682.3,9.486,Baru (Optimal),2023-01-29 23:00:00
10.00 R20,1006.12,6.017,Baru (Optimal),2023-01-30 00:00:00
12.00 R20,1620.6,9.151,Baru (Optimal),2023-01-30 01:00:00
10.00 R20,724.16,4.519,Normal (Usia Pakai Pertengahan),2023-01-30 02:00:00
10.00 R20,1410.39,8.002,Baru (Optimal),2023-01-30 03:00:00
10.00 R20,1518.44,8.675,Baru (Optimal),2023-01-30 04:00:00
12.00 R24,508.83,3.501,Normal (Usia Pakai Pertengahan),2023-01-30 05:00:00
12.00 R24,1106.87,6.733,Baru (Optimal),2023-01-30 06:00:00
12.00 R20,682.27,4.365,Normal (Usia Pakai Pertengahan),2023-01-30 07:00:00
10.00 R20,533.09,3.691,Normal (Usia Pakai Pertengahan),2023-01-30 08:00:00
12.00 R24,2478.92,13.502,Baru (Optimal),2023-01-30 09:00:00
12.00 R20,1076.94,6.222,Baru (Optimal),2023-01-30 10:00:00
10.00 R20,2100.74,11.301,Baru (Optimal),2023-01-30 11:00:00
11.00 R20,934.75,5.498,Baru (Optimal),2023-01-30 12:00:00
10.00 R20,1831.16,10.301,Baru (Optimal),2023-01-30 13:00:00
10.00 R20,1996.48,10.919,Baru (Optimal),2023-01-30 14:00:00
12.00 R24,1650.84,9.548,Baru (Optimal),2023-01-30 15:00:00
12.00 R20,1390.31,7.887,Baru (Optimal),2023-01-30 16:00:00
12.00 R20,1264.87,7.346,Baru (Optimal),2023-01-30 17:00:00
12.00 R24,1132.62,6.84,Baru (Optimal),2023-01-30 18:00:00
10.00 R20,2352.01,12.991,Baru (Optimal),2023-01-30 19:00:00
11.00 R20,2144.3,11.959,Baru (Optimal),2023-01-30 20:00:00
10.00 R20,2426.56,13.272,Baru (Optimal),2023-01-30 21:00:00
10.00 R20,661.02,4.423,Normal (Usia Pakai Pertengahan),2023-01-30 22:00:00
11.00 R20,1934.82,10.742,Baru (Optimal),2023-01-30 23:00:00
12.00 R24,2370.51,12.942,Baru (Optimal),2023-01-31 00:00:00
12.00 R20,780.59,4.84,Normal (Usia Pakai Pertengahan),2023-01-31 01:00:00
12.00 R24,539.64,3.604,Normal (Usia Pakai Pertengahan),2023-01-31 02:00:00
12.00 R24,1956.35,10.781,Baru (Optimal),2023-01-31 03:00:00
10.00 R20,1606.39,9.012,Baru (Optimal),2023-01-31 04:00:00
12.00 R20,2167.84,11.787,Baru (Optimal),2023-01-31 05:00:00
12.00 R20,693.52,4.548,Normal (Usia Pakai Pertengahan),2023-01-31 06:00:00
12.00 R24,2070.06,11.46,Baru (Optimal),2023-01-31 07:00:00
11.00 R20,823.42,5.127,Baru (Optimal),2023-01-31 08:00:00
12.00 R24,743.68,4.888,Normal (Usia Pakai Pertengahan),2023-01-31 09:00:00
11.00 R20,744.96,4.593,Normal (Usia Pakai Pertengahan),2023-01-31 10:00:00
12.00 R20,2110.61,11.531,Baru (Optimal),2023-01-31 11:00:00
12.00 R24,1796.91,9.902,Baru (Optimal),2023-01-31 12:00:00
10.00 R20,1498.44,8.278,Baru (Optimal),2023-01-31 13:00:00
12.00 R24,1153.54,6.758,Baru (Optimal),2023-01-31 14:00:00
12.00 R20,2242.12,12.197,Baru (Optimal),2023-01-31 15:00:00
10.00 R20,1224.13,7.295,Baru (Optimal),2023-01-31 16:00:00
10.00 R20,2114.86,11.647,Baru (Optimal),2023-01-31 17:00:00
11.00 R20,1322.18,7.493,Baru (Optimal),2023-01-31 18:00:00
10.00 R20,1191.58,7.171,Baru (Optimal),2023-01-31 19:00:00
10.00 R20,1371.63,7.999,Baru (Optimal),2023-01-31 20:00:00
12.00 R24,1032.89,6.231,Baru (Optimal),2023-01-31 21:00:00
12.00 R20,1969.98,10.824,Baru (Optimal),2023-01-31 22:00:00
11.00 R20,1455.71,8.168,Baru (Optimal),2023-01-31 23:00:00
12.00 R24,887.65,5.395,Baru (Optimal),2023-02-01 00:00:00
10.00 R20,2289.11,12.571,Baru (Optimal),2023-02-01 01:00:00
10.00 R20,1206.17,7.248,Baru (Optimal),2023-02-01 02:00:00
11.00 R20,1541.46,8.885,Baru (Optimal),2023-02-01 03:00:00
12.00 R20,2303.59,12.462,Baru (Optimal),2023-02-01 04:00:00
11.00 R20,1710.9,9.426,Baru (Optimal),2023-02-01 05:00:00
12.00 R24,645.49,4.244,Normal (Usia Pakai Pertengahan),2023-02-01 06:00:00
11.00 R20,2373.65,12.665,Baru (Optimal),2023-02-01 07:00:00
10.00 R20,1718.19,9.628,Baru (Optimal),2023-02-01 08:00:00
12.00 R24,1103.3,6.5,Baru (Optimal),2023-02-01 09:00:00
10.00 R20,692.47,4.409,Normal (Usia Pakai Pertengahan),2023-02-01 10:00:00
12.00 R20,2067.45,11.154,Baru (Optimal),2023-02-01 11:00:00
10.00 R20,1702.15,9.57,Baru (Optimal),2023-02-01 12:00:00
10.00 R20,1520.27,8.54,Baru (Optimal),2023-02-01 13:00:00
11.00 R20,2277.17,12.251,Baru (Optimal),2023-02-01 14:00:00
10.00 R20,2056.05,10.95,Baru (Optimal),2023-02-01 15:00:00
12.00 R24,718.52,4.589,Normal (Usia Pakai Pertengahan),2023-02-01 16:00:00
12.00 R24,1054.62,6.477,Baru (Optimal),2023-02-01 17:00:00
12.00 R20,921.83,5.8,Baru (Optimal),2023-02-01 18:00:00
12.00 R24,1962.29,10.759,Baru (Optimal),2023-02-01 19:00:00
11.00 R20,470.42,3.283,Normal (Usia Pakai Pertengahan),2023-02-01 20:00:00
12.00 R20,1596.77,9.038,Baru (Optimal),2023-02-01 21:00:00
12.00 R24,2001.16,10.891,Baru (Optimal),2023-02-01 22:00:00
11.00 R20,2241.21,12.241,Baru (Optimal),2023-02-01 23:00:00
12.00 R24,1118.37,6.68,Baru (Optimal),2023-02-02 00:00:00
12.00 R24,2124.64,11.764,Baru (Optimal),2023-02-02 01:00:00
10.00 R20,632.33,4.15,Normal (Usia Pakai Pertengahan),2023-02-02 02:00:00
12.00 R24,2177.55,11.864,Baru (Optimal),2023-02-02 03:00:00
12.00 R24,667.73,4.238,Normal (Usia Pakai Pertengahan),2023-02-02 04:00:00
11.00 R20,1234.3,7.076,Baru (Optimal),2023-02-02 05:00:00
11.00 R20,2074.32,11.346,Baru (Optimal),2023-02-02 06:00:00
10.00 R20,714.83,4.616,Normal (Usia Pakai Pertengahan),2023-02-02 07:00:00
12.00 R24,881.43,5.512,Baru (Optimal),2023-02-02 08:00:00
10.00 R20,1916.73,10.491,Baru (Optimal),2023-02-02 09:00:00
12.00 R24,1912.08,10.732,Baru (Optimal),2023-02-02 10:00:00
12.00 R20,1746.41,9.701,Baru (Optimal),2023-02-02 11:00:00
12.00 R20,1857.29,10.284,Baru (Optimal),2023-02-02 12:00:00
10.00 R20,1539.72,8.613,Baru (Optimal),2023-02-02 13:00:00
10.00 R20,928.78,5.365,Baru (Optimal),2023-02-02 14:00:00
10.00 R20,1125.96,6.731,Baru (Optimal),2023-02-02 15:00:00
11.00 R20,781.36,4.992,Normal (Usia Pakai Pertengahan),2023-02-02 16:00:00
11.00 R20,2307.75,12.506,Baru (Optimal),2023-02-02 17:00:00
11.00 R20,1625.12,9.133,Baru (Optimal),2023-02-02 18:00:00
10.00 R20,1241.79,7.268,Baru (Optimal),2023-02-02 19:00:00
12.00 R24,1370.21,7.671,Baru (Optimal),2023-02-02 20:00:00
12.00 R20,2389.3,12.886,Baru (Optimal),2023-02-02 21:00:00
10.00 R20,722.04,4.702,Normal (Usia Pakai Pertengahan),2023-02-02 22:00:00
11.00 R20,1631.08,9.011,Baru (Optimal),2023-02-02 23:00:00
11.00 R20,1462.37,8.346,Baru (Optimal),2023-02-03 00:00:00
10.00 R20,1684.05,9.264,Baru (Optimal),2023-02-03 01:00:00
10.00 R20,438.03,3.244,Normal (Usia Pakai Pertengahan),2023-02-03 02:00:00
11.00 R20,2231.46,12.153,Baru (Optimal),2023-02-03 03:00:00
12.00 R24,2357.45,12.602,Baru (Optimal),2023-02-03 04:00:00
11.00 R20,1586.78,9.068,Baru (Optimal),2023-02-03 05:00:00
11.00 R20,1862.97,10.23,Baru (Optimal),2023-02-03 06:00:00
10.00 R20,2337.25,12.593,Baru (Optimal),2023-02-03 07:00:00
12.00 R24,1885.2,10.449,Baru (Optimal),2023-02-03 08:00:00
11.00 R20,720.33,4.734,Normal (Usia Pakai Pertengahan),2023-02-03 09:00:00
11.00 R20,1610.21,8.934,Baru (Optimal),2023-02-03 10:00:00
12.00 R20,1674.1,9.378,Baru (Optimal),2023-02-03 11:00:00
10.00 R20,1290.67,7.503,Baru (Optimal),2023-02-03 12:00:00
12.00 R20,1946.53,10.812,Baru (Optimal),2023-02-03 13:00:00
12.00 R20,2362.17,12.831,Baru (Optimal),2023-02-03 14:00:00
11.00 R20,2343.69,12.676,Baru (Optimal),2023-02-03 15:00:00
10.00 R20,1346.76,7.639,Baru (Optimal),2023-02-03 16:00:00
12.00 R24,637.8,4.199,Normal (Usia Pakai Pertengahan),2023-02-03 17:00:00
11.00 R20,2468.17,13.218,Baru (Optimal),2023-02-03 18:00:00
12.00 R24,2161.69,11.472,Baru (Optimal),2023-02-03 19:00:00
12.00 R24,661.79,4.359,Normal (Usia Pakai Pertengahan),2023-02-03 20:00:00
10.00 R20,2333.77,12.773,Baru (Optimal),2023-02-03 21:00:00
12.00 R20,2226.78,11.862,Baru (Optimal),2023-02-03 22:00:00
10.00 R20,1489.56,8.332,Baru (Optimal),2023-02-03 23:00:00
12.00 R24,1641.68,9.28,Baru (Optimal),2023-02-04 00:00:00
11.00 R20,1237.91,7.426,Baru (Optimal),2023-02-04 01:00:00
12.00 R24,515.0,3.577,Normal (Usia Pakai Pertengahan),2023-02-04 02:00:00
11.00 R20,1103.91,6.436,Baru (Optimal),2023-02-04 03:00:00
11.00 R20,2085.99,11.409,Baru (Optimal),2023-02-04 04:00:00
10.00 R20,409.73,3.207,Normal (Usia Pakai Pertengahan),2023-02-04 05:00:00
12.00 R24,1100.35,6.427,Baru (Optimal),2023-02-04 06:00:00
12.00 R20,1236.15,7.089,Baru (Optimal),2023-02-04 07:00:00
12.00 R24,1528.53,8.587,Baru (Optimal),2023-02-04 08:00:00
12.00 R24,2331.7,12.549,Baru (Optimal),2023-02-04 09:00:00
12.00 R20,1127.33,6.651,Baru (Optimal),2023-02-04 10:00:00
10.00 R20,1128.6,6.83,Baru (Optimal),2023-02-04 11:00:00
12.00 R24,1948.75,10.781,Baru (Optimal),2023-02-04 12:00:00
12.00 R24,1349.66,7.719,Baru (Optimal),2023-02-04 13:00:00
11.00 R20,871.67,5.325,Baru (Optimal),2023-02-04 14:00:00
12.00 R24,1350.12,7.571,Baru (Optimal),2023-02-04 15:00:00
12.00 R20,695.8,4.581,Normal (Usia Pakai Pertengahan),2023-02-04 16:00:00
11.00 R20,770.41,4.843,Normal (Usia Pakai Pertengahan),2023-02-04 17:00:00
10.00 R20,1446.57,8.212,Baru (Optimal),2023-02-04 18:00:00
11.00 R20,1279.74,7.766,Baru (Optimal),2023-02-04 19:00:00
12.00 R20,2321.18,12.64,Baru (Optimal),2023-02-04 20:00:00
12.00 R20,1161.03,6.719,Baru (Optimal),2023-02-04 21:00:00
11.00 R20,1619.24,9.047,Baru (Optimal),2023-02-04 22:00:00
10.00 R20,1727.76,9.771,Baru (Optimal),2023-02-04 23:00:00
11.00 R20,427.5,3.151,Normal (Usia Pakai Pertengahan),2023-02-05 00:00:00
10.00 R20,1793.43,9.802,Baru (Optimal),2023-02-05 01:00:00
11.00 R20,773.88,4.975,Normal (Usia Pakai Pertengahan),2023-02-05 02:00:00
12.00 R20,2418.25,13.014,Baru (Optimal),2023-02-05 03:00:00
12.00 R24,712.19,4.776,Normal (Usia Pakai Pertengahan),2023-02-05 04:00:00
12.00 R24,1270.71,7.478,Baru (Optimal),2023-02-05 05:00:00
10.00 R20,579.23,3.845,Normal (Usia Pakai Pertengahan),2023-02-05 06:00:00
10.00 R20,2493.44,13.614,Baru (Optimal),2023-02-05 07:00:00
10.00 R20,1454.61,8.281,Baru (Optimal),2023-02-05 08:00:00
12.00 R20,1650.31,9.35,Baru (Optimal),2023-02-05 09:00:00
11.00 R20,540.86,3.76,Normal (Usia Pakai Pertengahan),2023-02-05 10:00:00
12.00 R20,1974.92,10.777,Baru (Optimal),2023-02-05 11:00:00
12.00 R24,840.8,5.13,Baru (Optimal),2023-02-05 12:00:00
10.00 R20,2285.91,12.548,Baru (Optimal),2023-02-05 13:00:00
11.00 R20,830.79,5.115,Baru (Optimal),2023-02-05 14:00:00
12.00 R24,800.44,4.956,Normal (Usia Pakai Pertengahan),2023-02-05 15:00:00
12.00 R24,476.75,3.274,Normal (Usia Pakai Pertengahan),2023-02-05 16:00:00
12.00 R24,1391.34,8.005,Baru (Optimal),2023-02-05 17:00:00
12.00 R20,1586.17,9.168,Baru (Optimal),2023-02-05 18:00:00
10.00 R20,537.99,3.567,Normal (Usia Pakai Pertengahan),2023-02-05 19:00:00
12.00 R24,2028.61,11.146,Baru (Optimal),2023-02-05 20:00:00
10.00 R20,1351.91,7.922,Baru (Optimal),2023-02-05 21:00:00
12.00 R20,1501.22,8.497,Baru (Optimal),2023-02-05 22:00:00
12.00 R24,1325.6,7.68,Baru (Optimal),2023-02-05 23:00:00
12.00 R20,1241.6,7.086,Baru (Optimal),2023-02-06 00:00:00
12.00 R20,1575.24,8.925,Baru (Optimal),2023-02-06 01:00:00
10.00 R20,726.0,4.609,Normal (Usia Pakai Pertengahan),2023-02-06 02:00:00
12.00 R24,782.05,5.024,Baru (Optimal),2023-02-06 03:00:00
12.00 R20,2209.75,12.185,Baru (Optimal),2023-02-06 04:00:00
12.00 R24,2386.84,13.232,Baru (Optimal),2023-02-06 05:00:00
10.00 R20,1183.95,6.986,Baru (Optimal),2023-02-06 06:00:00
12.00 R20,968.56,5.88,Baru (Optimal),2023-02-06 07:00:00
10.00 R20,1752.4,9.784,Baru (Optimal),2023-02-06 08:00:00
12.00 R24,1258.34,7.251,Baru (Optimal),2023-02-06 09:00:00
12.00 R24,453.31,3.305,Normal (Usia Pakai Pertengahan),2023-02-06 10:00:00
10.00 R20,727.92,4.606,Normal (Usia Pakai Pertengahan),2023-02-06 11:00:00
11.00 R20,1903.54,10.537,Baru (Optimal),2023-02-06 12:00:00
12.00 R20,1783.74,10.07,Baru (Optimal),2023-02-06 13:00:00
12.00 R24,456.9,3.169,Normal (Usia Pakai Pertengahan),2023-02-06 14:00:00
12.00 R24,866.14,5.462,Baru (Optimal),2023-02-06 15:00:00
12.00 R20,885.26,5.578,Baru (Optimal),2023-02-06 16:00:00
10.00 R20,1810.97,10.041,Baru (Optimal),2023-02-06 17:00:00
10.00 R20,441.39,2.963,Hampir Aus (Warning),2023-02-06 18:00:00
10.00 R20,618.63,4.023,Normal (Usia Pakai Pertengahan),2023-02-06 19:00:00
11.00 R20,2079.82,11.548,Baru (Optimal),2023-02-06 20:00:00
11.00 R20,774.94,4.872,Normal (Usia Pakai Pertengahan),2023-02-06 21:00:00
12.00 R24,1770.77,9.739,Baru (Optimal),2023-02-06 22:00:00
10.00 R20,900.18,5.443,Baru (Optimal),2023-02-06 23:00:00
12.00 R20,608.83,4.141,Normal (Usia Pakai Pertengahan),2023-02-07 00:00:00
12.00 R24,910.66,5.616,Baru (Optimal),2023-02-07 01:00:00
12.00 R20,1916.76,10.556,Baru (Optimal),2023-02-07 02:00:00
12.00 R24,2196.96,11.943,Baru (Optimal),2023-02-07 03:00:00
11.00 R20,2143.46,11.672,Baru (Optimal),2023-02-07 04:00:00
12.00 R24,1234.09,7.064,Baru (Optimal),2023-02-07 05:00:00
11.00 R20,1802.98,10.201,Baru (Optimal),2023-02-07 06:00:00
12.00 R24,830.47,5.115,Baru (Optimal),2023-02-07 07:00:00
10.00 R20,1015.61,6.218,Baru (Optimal),2023-02-07 08:00:00
12.00 R20,2282.31,12.586,Baru (Optimal),2023-02-07 09:00:00
10.00 R20,427.3,3.251,Normal (Usia Pakai Pertengahan),2023-02-07 10:00:00
12.00 R24,579.57,3.848,Normal (Usia Pakai Pertengahan),2023-02-07 11:00:00
12.00 R24,836.56,5.229,Baru (Optimal),2023-02-07 12:00:00
12.00 R24,455.72,3.276,Normal (Usia Pakai Pertengahan),2023-02-07 13:00:00
11.00 R20,781.01,4.801,Normal (Usia Pakai Pertengahan),2023-02-07 14:00:00
12.00 R20,1624.39,9.159,Baru (Optimal),2023-02-07 15:00:00
12.00 R20,1284.99,7.289,Baru (Optimal),2023-02-07 16:00:00
12.00 R24,2274.61,12.51,Baru (Optimal),2023-02-07 17:00:00
12.00 R24,2116.63,11.53,Baru (Optimal),2023-02-07 18:00:00
11.00 R20,1117.82,6.612,Baru (Optimal),2023-02-07 19:00:00
10.00 R20,944.79,5.757,Baru (Optimal),2023-02-07 20:00:00
10.00 R20,1197.35,6.957,Baru (Optimal),2023-02-07 21:00:00
12.00 R20,1639.62,9.266,Baru (Optimal),2023-02-07 22:00:00
11.00 R20,962.93,5.76,Baru (Optimal),2023-02-07 23:00:00
12.00 R24,1710.71,9.654,Baru (Optimal),2023-02-08 00:00:00
12.00 R20,1259.76,7.144,Baru (Optimal),2023-02-08 01:00:00
11.00 R20,1559.3,8.811,Baru (Optimal),2023-02-08 02:00:00
10.00 R20,1315.87,7.802,Baru (Optimal),2023-02-08 03:00:00
11.00 R20,1018.38,5.977,Baru (Optimal),2023-02-08 04:00:00
10.00 R20,2391.75,12.881,Baru (Optimal),2023-02-08 05:00:00
11.00 R20,2003.57,11.077,Baru (Optimal),2023-02-08 06:00:00
12.00 R20,694.24,4.492,Normal (Usia Pakai Pertengahan),2023-02-08 07:00:00
10.00 R20,2223.78,12.159,Baru (Optimal),2023-02-08 08:00:00
12.00 R20,1423.61,8.174,Baru (Optimal),2023-02-08 09:00:00
12.00 R20,2278.56,12.466,Baru (Optimal),2023-02-08 10:00:00
10.00 R20,2079.7,11.526,Baru (Optimal),2023-02-08 11:00:00
10.00 R20,1292.95,7.512,Baru (Optimal),2023-02-08 12:00:00
12.00 R24,447.19,3.208,Normal (Usia Pakai Pertengahan),2023-02-08 13:00:00
12.00 R24,964.22,5.898,Baru (Optimal),2023-02-08 14:00:00
12.00 R24,1537.43,8.906,Baru (Optimal),2023-02-08 15:00:00
12.00 R20,1730.3,9.636,Baru (Optimal),2023-02-08 16:00:00
12.00 R20,941.56,5.596,Baru (Optimal),2023-02-08 17:00:00
12.00 R24,692.65,4.591,Normal (Usia Pakai Pertengahan),2023-02-08 18:00:00
12.00 R20,2153.35,11.753,Baru (Optimal),2023-02-08 19:00:00
12.00 R20,2467.24,13.086,Baru (Optimal),2023-02-08 20:00:00
10.00 R20,1503.95,8.617,Baru (Optimal),2023-02-08 21:00:00
10.00 R20,760.53,4.741,Normal (Usia Pakai Pertengahan),2023-02-08 22:00:00
12.00 R20,971.85,5.849,Baru (Optimal),2023-02-08 23:00:00
12.00 R24,438.62,3.231,Normal (Usia Pakai Pertengahan),2023-02-09 00:00:00
11.00 R20,2320.03,12.622,Baru (Optimal),2023-02-09 01:00:00
12.00 R24,647.28,4.318,Normal (Usia Pakai Pertengahan),2023-02-09 02:00:00
11.00 R20,1610.68,9.003,Baru (Optimal),2023-02-09 03:00:00
12.00 R24,975.52,5.937,Baru (Optimal),2023-02-09 04:00:00
10.00 R20,1563.77,8.789,Baru (Optimal),2023-02-09 05:00:00
12.00 R20,1767.98,9.925,Baru (Optimal),2023-02-09 06:00:00
12.00 R20,2142.46,11.783,Baru (Optimal),2023-02-09 07:00:00
10.00 R20,833.48,5.06,Baru (Optimal),2023-02-09 08:00:00
11.00 R20,423.09,3.24,Normal (Usia Pakai Pertengahan),2023-02-09 09:00:00
11.00 R20,687.46,4.376,Normal (Usia Pakai Pertengahan),2023-02-09 10:00:00
11.00 R20,2290.04,12.543,Baru (Optimal),2023-02-09 11:00:00
10.00 R20,2235.17,12.218,Baru (Optimal),2023-02-09 12:00:00
11.00 R20,1654.57,9.484,Baru (Optimal),2023-02-09 13:00:00
10.00 R20,1661.09,9.28,Baru (Optimal),2023-02-09 14:00:00
12.00 R24,1796.58,9.943,Baru (Optimal),2023-02-09 15:00:00
12.00 R24,768.28,4.839,Normal (Usia Pakai Pertengahan),2023-02-09 16:00:00
10.00 R20,2320.27,12.566,Baru (Optimal),2023-02-09 17:00:00
12.00 R20,1279.42,7.489,Baru (Optimal),2023-02-09 18:00:00
12.00 R24,1204.59,6.837,Baru (Optimal),2023-02-09 19:00:00
11.00 R20,1489.73,8.327,Baru (Optimal),2023-02-09 20:00:00
10.00 R20,498.63,3.37,Normal (Usia Pakai Pertengahan),2023-02-09 21:00:00
11.00 R20,749.2,4.855,Normal (Usia Pakai Pertengahan),2023-02-09 22:00:00
11.00 R20,1949.87,10.946,Baru (Optimal),2023-02-09 23:00:00
12.00 R20,573.88,3.857,Normal (Usia Pakai Pertengahan),2023-02-10 00:00:00
11.00 R20,1666.62,9.314,Baru (Optimal),2023-02-10 01:00:00
12.00 R20,915.23,5.584,Baru (Optimal),2023-02-10 02:00:00
12.00 R24,1217.52,7.221,Baru (Optimal),2023-02-10 03:00:00
10.00 R20,1006.26,5.925,Baru (Optimal),2023-02-10 04:00:00
11.00 R20,1146.91,6.762,Baru (Optimal),2023-02-10 05:00:00
10.00 R20,1910.0,10.662,Baru (Optimal),2023-02-10 06:00:00
11.00 R20,1023.96,6.177,Baru (Optimal),2023-02-10 07:00:00
10.00 R20,1589.45,8.969,Baru (Optimal),2023-02-10 08:00:00
11.00 R20,1399.71,8.114,Baru (Optimal),2023-02-10 09:00:00
11.00 R20,1793.71,9.658,Baru (Optimal),2023-02-10 10:00:00
11.00 R20,2367.34,12.915,Baru (Optimal),2023-02-10 11:00:00
11.00 R20,1938.4,10.617,Baru (Optimal),2023-02-10 12:00:00
11.00 R20,851.37,5.046,Baru (Optimal),2023-02-10 13:00:00
11.00 R20,465.48,3.386,Normal (Usia Pakai Pertengahan),2023-02-10 14:00:00
11.00 R20,950.75,5.912,Baru (Optimal),2023-02-10 15:00:00
11.00 R20,1649.66,9.233,Baru (Optimal),2023-02-10 16:00:00
11.00 R20,507.99,3.65,Normal (Usia Pakai Pertengahan),2023-02-10 17:00:00
10.00 R20,1442.37,8.397,Baru (Optimal),2023-02-10 18:00:00
12.00 R20,1653.37,9.418,Baru (Optimal),2023-02-10 19:00:00
11.00 R20,1101.91,6.698,Baru (Optimal),2023-02-10 20:00:00
12.00 R20,2018.92,11.18,Baru (Optimal),2023-02-10 21:00:00
11.00 R20,623.86,4.128,Normal (Usia Pakai Pertengahan),2023-02-10 22:00:00
11.00 R20,557.79,3.605,Normal (Usia Pakai Pertengahan),2023-02-10 23:00:00
10.00 R20,1929.2,10.618,Baru (Optimal),2023-02-11 00:00:00
12.00 R24,1440.53,8.106,Baru (Optimal),2023-02-11 01:00:00
12.00 R24,1845.65,10.478,Baru (Optimal),2023-02-11 02:00:00
10.00 R20,1313.14,7.545,Baru (Optimal),2023-02-11 03:00:00
12.00 R20,917.44,5.601,Baru (Optimal),2023-02-11 04:00:00
12.00 R24,2120.11,11.664,Baru (Optimal),2023-02-11 05:00:00
10.00 R20,2078.77,11.399,Baru (Optimal),2023-02-11 06:00:00
10.00 R20,1858.86,10.489,Baru (Optimal),2023-02-11 07:00:00
12.00 R24,971.5,5.786,Baru (Optimal),2023-02-11 08:00:00
12.00 R20,1639.48,9.22,Baru (Optimal),2023-02-11 09:00:00
10.00 R20,1158.05,6.705,Baru (Optimal),2023-02-11 10:00:00
11.00 R20,592.32,3.81,Normal (Usia Pakai Pertengahan),2023-02-11 11:00:00
12.00 R20,2326.36,12.561,Baru (Optimal),2023-02-11 12:00:00
12.00 R20,687.32,4.432,Normal (Usia Pakai Pertengahan),2023-02-11 13:00:00
12.00 R24,2395.5,12.928,Baru (Optimal),2023-02-11 14:00:00
12.00 R24,1336.61,7.603,Baru (Optimal),2023-02-11 15:00:00
